video,label
Braveheart.1995__#02-43-01_02-46-50_label_B5-0-0__0.npy,B5-0-0
Braveheart.1995__#02-43-01_02-46-50_label_B5-0-0__1.npy,B5-0-0
Braveheart.1995__#02-43-01_02-46-50_label_B5-0-0__2.npy,B5-0-0
Braveheart.1995__#02-43-01_02-46-50_label_B5-0-0__3.npy,B5-0-0
Braveheart.1995__#02-43-01_02-46-50_label_B5-0-0__4.npy,B5-0-0
Braveheart.1995__#02-43-01_02-46-50_label_B5-0-0__5.npy,B5-0-0
Braveheart.1995__#02-43-01_02-46-50_label_B5-0-0__6.npy,B5-0-0
Braveheart.1995__#02-43-01_02-46-50_label_B5-0-0__7.npy,B5-0-0
Braveheart.1995__#02-43-01_02-46-50_label_B5-0-0__8.npy,B5-0-0
Braveheart.1995__#02-43-01_02-46-50_label_B5-0-0__9.npy,B5-0-0
City.of.God.2002__#00-27-11_00-28-05_label_B5-0-0__0.npy,B5-0-0
City.of.God.2002__#00-27-11_00-28-05_label_B5-0-0__1.npy,B5-0-0
City.of.God.2002__#00-27-11_00-28-05_label_B5-0-0__2.npy,B5-0-0
City.of.God.2002__#00-27-11_00-28-05_label_B5-0-0__3.npy,B5-0-0
City.of.God.2002__#00-27-11_00-28-05_label_B5-0-0__4.npy,B5-0-0
City.of.God.2002__#00-27-11_00-28-05_label_B5-0-0__5.npy,B5-0-0
City.of.God.2002__#00-27-11_00-28-05_label_B5-0-0__6.npy,B5-0-0
City.of.God.2002__#00-27-11_00-28-05_label_B5-0-0__7.npy,B5-0-0
City.of.God.2002__#00-27-11_00-28-05_label_B5-0-0__8.npy,B5-0-0
City.of.God.2002__#00-27-11_00-28-05_label_B5-0-0__9.npy,B5-0-0
City.of.God.2002__#01-09-11_01-10-35_label_B5-0-0__0.npy,B5-0-0
City.of.God.2002__#01-09-11_01-10-35_label_B5-0-0__1.npy,B5-0-0
City.of.God.2002__#01-09-11_01-10-35_label_B5-0-0__2.npy,B5-0-0
City.of.God.2002__#01-09-11_01-10-35_label_B5-0-0__3.npy,B5-0-0
City.of.God.2002__#01-09-11_01-10-35_label_B5-0-0__4.npy,B5-0-0
City.of.God.2002__#01-09-11_01-10-35_label_B5-0-0__5.npy,B5-0-0
City.of.God.2002__#01-09-11_01-10-35_label_B5-0-0__6.npy,B5-0-0
City.of.God.2002__#01-09-11_01-10-35_label_B5-0-0__7.npy,B5-0-0
City.of.God.2002__#01-09-11_01-10-35_label_B5-0-0__8.npy,B5-0-0
City.of.God.2002__#01-09-11_01-10-35_label_B5-0-0__9.npy,B5-0-0
Death.Proof.2007__#01-48-30_01-49-26_label_B5-0-0__0.npy,B5-0-0
Death.Proof.2007__#01-48-30_01-49-26_label_B5-0-0__1.npy,B5-0-0
Death.Proof.2007__#01-48-30_01-49-26_label_B5-0-0__2.npy,B5-0-0
Death.Proof.2007__#01-48-30_01-49-26_label_B5-0-0__3.npy,B5-0-0
Death.Proof.2007__#01-48-30_01-49-26_label_B5-0-0__4.npy,B5-0-0
Death.Proof.2007__#01-48-30_01-49-26_label_B5-0-0__5.npy,B5-0-0
Death.Proof.2007__#01-48-30_01-49-26_label_B5-0-0__6.npy,B5-0-0
Death.Proof.2007__#01-48-30_01-49-26_label_B5-0-0__7.npy,B5-0-0
Death.Proof.2007__#01-48-30_01-49-26_label_B5-0-0__8.npy,B5-0-0
Death.Proof.2007__#01-48-30_01-49-26_label_B5-0-0__9.npy,B5-0-0
Election.2005__#01-24-22_01-25-44_label_B5-0-0__0.npy,B5-0-0
Election.2005__#01-24-22_01-25-44_label_B5-0-0__1.npy,B5-0-0
Election.2005__#01-24-22_01-25-44_label_B5-0-0__2.npy,B5-0-0
Election.2005__#01-24-22_01-25-44_label_B5-0-0__3.npy,B5-0-0
Election.2005__#01-24-22_01-25-44_label_B5-0-0__4.npy,B5-0-0
Election.2005__#01-24-22_01-25-44_label_B5-0-0__5.npy,B5-0-0
Election.2005__#01-24-22_01-25-44_label_B5-0-0__6.npy,B5-0-0
Election.2005__#01-24-22_01-25-44_label_B5-0-0__7.npy,B5-0-0
Election.2005__#01-24-22_01-25-44_label_B5-0-0__8.npy,B5-0-0
Election.2005__#01-24-22_01-25-44_label_B5-0-0__9.npy,B5-0-0
Election.2005__#01-30-35_01-34-07_label_B5-0-0__0.npy,B5-0-0
Election.2005__#01-30-35_01-34-07_label_B5-0-0__1.npy,B5-0-0
Election.2005__#01-30-35_01-34-07_label_B5-0-0__2.npy,B5-0-0
Election.2005__#01-30-35_01-34-07_label_B5-0-0__3.npy,B5-0-0
Election.2005__#01-30-35_01-34-07_label_B5-0-0__4.npy,B5-0-0
Election.2005__#01-30-35_01-34-07_label_B5-0-0__5.npy,B5-0-0
Election.2005__#01-30-35_01-34-07_label_B5-0-0__6.npy,B5-0-0
Election.2005__#01-30-35_01-34-07_label_B5-0-0__7.npy,B5-0-0
Election.2005__#01-30-35_01-34-07_label_B5-0-0__8.npy,B5-0-0
Election.2005__#01-30-35_01-34-07_label_B5-0-0__9.npy,B5-0-0
Kill.Bill.Vol.2.2004__#0-31-20_0-32-00_label_B5-0-0__0.npy,B5-0-0
Kill.Bill.Vol.2.2004__#0-31-20_0-32-00_label_B5-0-0__1.npy,B5-0-0
Kill.Bill.Vol.2.2004__#0-31-20_0-32-00_label_B5-0-0__2.npy,B5-0-0
Kill.Bill.Vol.2.2004__#0-31-20_0-32-00_label_B5-0-0__3.npy,B5-0-0
Kill.Bill.Vol.2.2004__#0-31-20_0-32-00_label_B5-0-0__4.npy,B5-0-0
Kill.Bill.Vol.2.2004__#0-31-20_0-32-00_label_B5-0-0__5.npy,B5-0-0
Kill.Bill.Vol.2.2004__#0-31-20_0-32-00_label_B5-0-0__6.npy,B5-0-0
Kill.Bill.Vol.2.2004__#0-31-20_0-32-00_label_B5-0-0__7.npy,B5-0-0
Kill.Bill.Vol.2.2004__#0-31-20_0-32-00_label_B5-0-0__8.npy,B5-0-0
Kill.Bill.Vol.2.2004__#0-31-20_0-32-00_label_B5-0-0__9.npy,B5-0-0
Mission.Impossible.II.2000__#00-04-25_00-04-55_label_B5-0-0__0.npy,B5-0-0
Mission.Impossible.II.2000__#00-04-25_00-04-55_label_B5-0-0__1.npy,B5-0-0
Mission.Impossible.II.2000__#00-04-25_00-04-55_label_B5-0-0__2.npy,B5-0-0
Mission.Impossible.II.2000__#00-04-25_00-04-55_label_B5-0-0__3.npy,B5-0-0
Mission.Impossible.II.2000__#00-04-25_00-04-55_label_B5-0-0__4.npy,B5-0-0
Mission.Impossible.II.2000__#00-04-25_00-04-55_label_B5-0-0__5.npy,B5-0-0
Mission.Impossible.II.2000__#00-04-25_00-04-55_label_B5-0-0__6.npy,B5-0-0
Mission.Impossible.II.2000__#00-04-25_00-04-55_label_B5-0-0__7.npy,B5-0-0
Mission.Impossible.II.2000__#00-04-25_00-04-55_label_B5-0-0__8.npy,B5-0-0
Mission.Impossible.II.2000__#00-04-25_00-04-55_label_B5-0-0__9.npy,B5-0-0
Mission.Impossible.II.2000__#00-51-08_00-51-35_label_B5-0-0__0.npy,B5-0-0
Mission.Impossible.II.2000__#00-51-08_00-51-35_label_B5-0-0__1.npy,B5-0-0
Mission.Impossible.II.2000__#00-51-08_00-51-35_label_B5-0-0__2.npy,B5-0-0
Mission.Impossible.II.2000__#00-51-08_00-51-35_label_B5-0-0__3.npy,B5-0-0
Mission.Impossible.II.2000__#00-51-08_00-51-35_label_B5-0-0__4.npy,B5-0-0
Mission.Impossible.II.2000__#00-51-08_00-51-35_label_B5-0-0__5.npy,B5-0-0
Mission.Impossible.II.2000__#00-51-08_00-51-35_label_B5-0-0__6.npy,B5-0-0
Mission.Impossible.II.2000__#00-51-08_00-51-35_label_B5-0-0__7.npy,B5-0-0
Mission.Impossible.II.2000__#00-51-08_00-51-35_label_B5-0-0__8.npy,B5-0-0
Mission.Impossible.II.2000__#00-51-08_00-51-35_label_B5-0-0__9.npy,B5-0-0
Operation.Red.Sea.2018__#0-33-45_0-34-20_label_B5-0-0__0.npy,B5-0-0
Operation.Red.Sea.2018__#0-33-45_0-34-20_label_B5-0-0__1.npy,B5-0-0
Operation.Red.Sea.2018__#0-33-45_0-34-20_label_B5-0-0__2.npy,B5-0-0
Operation.Red.Sea.2018__#0-33-45_0-34-20_label_B5-0-0__3.npy,B5-0-0
Operation.Red.Sea.2018__#0-33-45_0-34-20_label_B5-0-0__4.npy,B5-0-0
Operation.Red.Sea.2018__#0-33-45_0-34-20_label_B5-0-0__5.npy,B5-0-0
Operation.Red.Sea.2018__#0-33-45_0-34-20_label_B5-0-0__6.npy,B5-0-0
Operation.Red.Sea.2018__#0-33-45_0-34-20_label_B5-0-0__7.npy,B5-0-0
Operation.Red.Sea.2018__#0-33-45_0-34-20_label_B5-0-0__8.npy,B5-0-0
Operation.Red.Sea.2018__#0-33-45_0-34-20_label_B5-0-0__9.npy,B5-0-0
Salt.2010__#00-00-41_00-02-10_label_B5-0-0__0.npy,B5-0-0
Salt.2010__#00-00-41_00-02-10_label_B5-0-0__1.npy,B5-0-0
Salt.2010__#00-00-41_00-02-10_label_B5-0-0__2.npy,B5-0-0
Salt.2010__#00-00-41_00-02-10_label_B5-0-0__3.npy,B5-0-0
Salt.2010__#00-00-41_00-02-10_label_B5-0-0__4.npy,B5-0-0
Salt.2010__#00-00-41_00-02-10_label_B5-0-0__5.npy,B5-0-0
Salt.2010__#00-00-41_00-02-10_label_B5-0-0__6.npy,B5-0-0
Salt.2010__#00-00-41_00-02-10_label_B5-0-0__7.npy,B5-0-0
Salt.2010__#00-00-41_00-02-10_label_B5-0-0__8.npy,B5-0-0
Salt.2010__#00-00-41_00-02-10_label_B5-0-0__9.npy,B5-0-0
Salt.2010__#00-13-05_00-13-40_label_B5-0-0__0.npy,B5-0-0
Salt.2010__#00-13-05_00-13-40_label_B5-0-0__1.npy,B5-0-0
Salt.2010__#00-13-05_00-13-40_label_B5-0-0__2.npy,B5-0-0
Salt.2010__#00-13-05_00-13-40_label_B5-0-0__3.npy,B5-0-0
Salt.2010__#00-13-05_00-13-40_label_B5-0-0__4.npy,B5-0-0
Salt.2010__#00-13-05_00-13-40_label_B5-0-0__5.npy,B5-0-0
Salt.2010__#00-13-05_00-13-40_label_B5-0-0__6.npy,B5-0-0
Salt.2010__#00-13-05_00-13-40_label_B5-0-0__7.npy,B5-0-0
Salt.2010__#00-13-05_00-13-40_label_B5-0-0__8.npy,B5-0-0
Salt.2010__#00-13-05_00-13-40_label_B5-0-0__9.npy,B5-0-0
Salt.2010__#01-05-30_01-05-53_label_B5-0-0__0.npy,B5-0-0
Salt.2010__#01-05-30_01-05-53_label_B5-0-0__1.npy,B5-0-0
Salt.2010__#01-05-30_01-05-53_label_B5-0-0__2.npy,B5-0-0
Salt.2010__#01-05-30_01-05-53_label_B5-0-0__3.npy,B5-0-0
Salt.2010__#01-05-30_01-05-53_label_B5-0-0__4.npy,B5-0-0
Salt.2010__#01-05-30_01-05-53_label_B5-0-0__5.npy,B5-0-0
Salt.2010__#01-05-30_01-05-53_label_B5-0-0__6.npy,B5-0-0
Salt.2010__#01-05-30_01-05-53_label_B5-0-0__7.npy,B5-0-0
Salt.2010__#01-05-30_01-05-53_label_B5-0-0__8.npy,B5-0-0
Salt.2010__#01-05-30_01-05-53_label_B5-0-0__9.npy,B5-0-0
Salt.2010__#01-31-17_01-31-45_label_B5-0-0__0.npy,B5-0-0
Salt.2010__#01-31-17_01-31-45_label_B5-0-0__1.npy,B5-0-0
Salt.2010__#01-31-17_01-31-45_label_B5-0-0__2.npy,B5-0-0
Salt.2010__#01-31-17_01-31-45_label_B5-0-0__3.npy,B5-0-0
Salt.2010__#01-31-17_01-31-45_label_B5-0-0__4.npy,B5-0-0
Salt.2010__#01-31-17_01-31-45_label_B5-0-0__5.npy,B5-0-0
Salt.2010__#01-31-17_01-31-45_label_B5-0-0__6.npy,B5-0-0
Salt.2010__#01-31-17_01-31-45_label_B5-0-0__7.npy,B5-0-0
Salt.2010__#01-31-17_01-31-45_label_B5-0-0__8.npy,B5-0-0
Salt.2010__#01-31-17_01-31-45_label_B5-0-0__9.npy,B5-0-0
Sin.City.2005__#0-32-20_0-33-39_label_B5-0-0__0.npy,B5-0-0
Sin.City.2005__#0-32-20_0-33-39_label_B5-0-0__1.npy,B5-0-0
Sin.City.2005__#0-32-20_0-33-39_label_B5-0-0__2.npy,B5-0-0
Sin.City.2005__#0-32-20_0-33-39_label_B5-0-0__3.npy,B5-0-0
Sin.City.2005__#0-32-20_0-33-39_label_B5-0-0__4.npy,B5-0-0
Sin.City.2005__#0-32-20_0-33-39_label_B5-0-0__5.npy,B5-0-0
Sin.City.2005__#0-32-20_0-33-39_label_B5-0-0__6.npy,B5-0-0
Sin.City.2005__#0-32-20_0-33-39_label_B5-0-0__7.npy,B5-0-0
Sin.City.2005__#0-32-20_0-33-39_label_B5-0-0__8.npy,B5-0-0
Sin.City.2005__#0-32-20_0-33-39_label_B5-0-0__9.npy,B5-0-0
Sin.City.2005__#0-52-13_0-53-23_label_B5-0-0__0.npy,B5-0-0
Sin.City.2005__#0-52-13_0-53-23_label_B5-0-0__1.npy,B5-0-0
Sin.City.2005__#0-52-13_0-53-23_label_B5-0-0__2.npy,B5-0-0
Sin.City.2005__#0-52-13_0-53-23_label_B5-0-0__3.npy,B5-0-0
Sin.City.2005__#0-52-13_0-53-23_label_B5-0-0__4.npy,B5-0-0
Sin.City.2005__#0-52-13_0-53-23_label_B5-0-0__5.npy,B5-0-0
Sin.City.2005__#0-52-13_0-53-23_label_B5-0-0__6.npy,B5-0-0
Sin.City.2005__#0-52-13_0-53-23_label_B5-0-0__7.npy,B5-0-0
Sin.City.2005__#0-52-13_0-53-23_label_B5-0-0__8.npy,B5-0-0
Sin.City.2005__#0-52-13_0-53-23_label_B5-0-0__9.npy,B5-0-0
Sin.City.2005__#01-30-07_01-31-45_label_B5-0-0__0.npy,B5-0-0
Sin.City.2005__#01-30-07_01-31-45_label_B5-0-0__1.npy,B5-0-0
Sin.City.2005__#01-30-07_01-31-45_label_B5-0-0__2.npy,B5-0-0
Sin.City.2005__#01-30-07_01-31-45_label_B5-0-0__3.npy,B5-0-0
Sin.City.2005__#01-30-07_01-31-45_label_B5-0-0__4.npy,B5-0-0
Sin.City.2005__#01-30-07_01-31-45_label_B5-0-0__5.npy,B5-0-0
Sin.City.2005__#01-30-07_01-31-45_label_B5-0-0__6.npy,B5-0-0
Sin.City.2005__#01-30-07_01-31-45_label_B5-0-0__7.npy,B5-0-0
Sin.City.2005__#01-30-07_01-31-45_label_B5-0-0__8.npy,B5-0-0
Sin.City.2005__#01-30-07_01-31-45_label_B5-0-0__9.npy,B5-0-0
Sin.City.2005__#01-50-47_01-51-55_label_B5-0-0__0.npy,B5-0-0
Sin.City.2005__#01-50-47_01-51-55_label_B5-0-0__1.npy,B5-0-0
Sin.City.2005__#01-50-47_01-51-55_label_B5-0-0__2.npy,B5-0-0
Sin.City.2005__#01-50-47_01-51-55_label_B5-0-0__3.npy,B5-0-0
Sin.City.2005__#01-50-47_01-51-55_label_B5-0-0__4.npy,B5-0-0
Sin.City.2005__#01-50-47_01-51-55_label_B5-0-0__5.npy,B5-0-0
Sin.City.2005__#01-50-47_01-51-55_label_B5-0-0__6.npy,B5-0-0
Sin.City.2005__#01-50-47_01-51-55_label_B5-0-0__7.npy,B5-0-0
Sin.City.2005__#01-50-47_01-51-55_label_B5-0-0__8.npy,B5-0-0
Sin.City.2005__#01-50-47_01-51-55_label_B5-0-0__9.npy,B5-0-0
Sin.City.2005__#01-53-40_01-54-12_label_B5-0-0__0.npy,B5-0-0
Sin.City.2005__#01-53-40_01-54-12_label_B5-0-0__1.npy,B5-0-0
Sin.City.2005__#01-53-40_01-54-12_label_B5-0-0__2.npy,B5-0-0
Sin.City.2005__#01-53-40_01-54-12_label_B5-0-0__3.npy,B5-0-0
Sin.City.2005__#01-53-40_01-54-12_label_B5-0-0__4.npy,B5-0-0
Sin.City.2005__#01-53-40_01-54-12_label_B5-0-0__5.npy,B5-0-0
Sin.City.2005__#01-53-40_01-54-12_label_B5-0-0__6.npy,B5-0-0
Sin.City.2005__#01-53-40_01-54-12_label_B5-0-0__7.npy,B5-0-0
Sin.City.2005__#01-53-40_01-54-12_label_B5-0-0__8.npy,B5-0-0
Sin.City.2005__#01-53-40_01-54-12_label_B5-0-0__9.npy,B5-0-0
Spectre.2015__#00-42-15_00-42-49_label_B5-0-0__0.npy,B5-0-0
Spectre.2015__#00-42-15_00-42-49_label_B5-0-0__1.npy,B5-0-0
Spectre.2015__#00-42-15_00-42-49_label_B5-0-0__2.npy,B5-0-0
Spectre.2015__#00-42-15_00-42-49_label_B5-0-0__3.npy,B5-0-0
Spectre.2015__#00-42-15_00-42-49_label_B5-0-0__4.npy,B5-0-0
Spectre.2015__#00-42-15_00-42-49_label_B5-0-0__5.npy,B5-0-0
Spectre.2015__#00-42-15_00-42-49_label_B5-0-0__6.npy,B5-0-0
Spectre.2015__#00-42-15_00-42-49_label_B5-0-0__7.npy,B5-0-0
Spectre.2015__#00-42-15_00-42-49_label_B5-0-0__8.npy,B5-0-0
Spectre.2015__#00-42-15_00-42-49_label_B5-0-0__9.npy,B5-0-0
Taken.2.UNRATED.EXTENDED.2012__#00-12-25_00-13-25_label_B5-0-0__0.npy,B5-0-0
Taken.2.UNRATED.EXTENDED.2012__#00-12-25_00-13-25_label_B5-0-0__1.npy,B5-0-0
Taken.2.UNRATED.EXTENDED.2012__#00-12-25_00-13-25_label_B5-0-0__2.npy,B5-0-0
Taken.2.UNRATED.EXTENDED.2012__#00-12-25_00-13-25_label_B5-0-0__3.npy,B5-0-0
Taken.2.UNRATED.EXTENDED.2012__#00-12-25_00-13-25_label_B5-0-0__4.npy,B5-0-0
Taken.2.UNRATED.EXTENDED.2012__#00-12-25_00-13-25_label_B5-0-0__5.npy,B5-0-0
Taken.2.UNRATED.EXTENDED.2012__#00-12-25_00-13-25_label_B5-0-0__6.npy,B5-0-0
Taken.2.UNRATED.EXTENDED.2012__#00-12-25_00-13-25_label_B5-0-0__7.npy,B5-0-0
Taken.2.UNRATED.EXTENDED.2012__#00-12-25_00-13-25_label_B5-0-0__8.npy,B5-0-0
Taken.2.UNRATED.EXTENDED.2012__#00-12-25_00-13-25_label_B5-0-0__9.npy,B5-0-0
Taken.2.UNRATED.EXTENDED.2012__#00-14-30_00-14-52_label_B5-0-0__0.npy,B5-0-0
Taken.2.UNRATED.EXTENDED.2012__#00-14-30_00-14-52_label_B5-0-0__1.npy,B5-0-0
Taken.2.UNRATED.EXTENDED.2012__#00-14-30_00-14-52_label_B5-0-0__2.npy,B5-0-0
Taken.2.UNRATED.EXTENDED.2012__#00-14-30_00-14-52_label_B5-0-0__3.npy,B5-0-0
Taken.2.UNRATED.EXTENDED.2012__#00-14-30_00-14-52_label_B5-0-0__4.npy,B5-0-0
Taken.2.UNRATED.EXTENDED.2012__#00-14-30_00-14-52_label_B5-0-0__5.npy,B5-0-0
Taken.2.UNRATED.EXTENDED.2012__#00-14-30_00-14-52_label_B5-0-0__6.npy,B5-0-0
Taken.2.UNRATED.EXTENDED.2012__#00-14-30_00-14-52_label_B5-0-0__7.npy,B5-0-0
Taken.2.UNRATED.EXTENDED.2012__#00-14-30_00-14-52_label_B5-0-0__8.npy,B5-0-0
Taken.2.UNRATED.EXTENDED.2012__#00-14-30_00-14-52_label_B5-0-0__9.npy,B5-0-0
Taken.2.UNRATED.EXTENDED.2012__#00-48-51_00-49-12_label_B5-0-0__0.npy,B5-0-0
Taken.2.UNRATED.EXTENDED.2012__#00-48-51_00-49-12_label_B5-0-0__1.npy,B5-0-0
Taken.2.UNRATED.EXTENDED.2012__#00-48-51_00-49-12_label_B5-0-0__2.npy,B5-0-0
Taken.2.UNRATED.EXTENDED.2012__#00-48-51_00-49-12_label_B5-0-0__3.npy,B5-0-0
Taken.2.UNRATED.EXTENDED.2012__#00-48-51_00-49-12_label_B5-0-0__4.npy,B5-0-0
Taken.2.UNRATED.EXTENDED.2012__#00-48-51_00-49-12_label_B5-0-0__5.npy,B5-0-0
Taken.2.UNRATED.EXTENDED.2012__#00-48-51_00-49-12_label_B5-0-0__6.npy,B5-0-0
Taken.2.UNRATED.EXTENDED.2012__#00-48-51_00-49-12_label_B5-0-0__7.npy,B5-0-0
Taken.2.UNRATED.EXTENDED.2012__#00-48-51_00-49-12_label_B5-0-0__8.npy,B5-0-0
Taken.2.UNRATED.EXTENDED.2012__#00-48-51_00-49-12_label_B5-0-0__9.npy,B5-0-0
Taken.3.2014__#01-15-17_01-16-00_label_B5-0-0__0.npy,B5-0-0
Taken.3.2014__#01-15-17_01-16-00_label_B5-0-0__1.npy,B5-0-0
Taken.3.2014__#01-15-17_01-16-00_label_B5-0-0__2.npy,B5-0-0
Taken.3.2014__#01-15-17_01-16-00_label_B5-0-0__3.npy,B5-0-0
Taken.3.2014__#01-15-17_01-16-00_label_B5-0-0__4.npy,B5-0-0
Taken.3.2014__#01-15-17_01-16-00_label_B5-0-0__5.npy,B5-0-0
Taken.3.2014__#01-15-17_01-16-00_label_B5-0-0__6.npy,B5-0-0
Taken.3.2014__#01-15-17_01-16-00_label_B5-0-0__7.npy,B5-0-0
Taken.3.2014__#01-15-17_01-16-00_label_B5-0-0__8.npy,B5-0-0
Taken.3.2014__#01-15-17_01-16-00_label_B5-0-0__9.npy,B5-0-0
Taken.3.2014__#01-16-20_01-17-15_label_B5-0-0__0.npy,B5-0-0
Taken.3.2014__#01-16-20_01-17-15_label_B5-0-0__1.npy,B5-0-0
Taken.3.2014__#01-16-20_01-17-15_label_B5-0-0__2.npy,B5-0-0
Taken.3.2014__#01-16-20_01-17-15_label_B5-0-0__3.npy,B5-0-0
Taken.3.2014__#01-16-20_01-17-15_label_B5-0-0__4.npy,B5-0-0
Taken.3.2014__#01-16-20_01-17-15_label_B5-0-0__5.npy,B5-0-0
Taken.3.2014__#01-16-20_01-17-15_label_B5-0-0__6.npy,B5-0-0
Taken.3.2014__#01-16-20_01-17-15_label_B5-0-0__7.npy,B5-0-0
Taken.3.2014__#01-16-20_01-17-15_label_B5-0-0__8.npy,B5-0-0
Taken.3.2014__#01-16-20_01-17-15_label_B5-0-0__9.npy,B5-0-0
Taken.3.2014__#01-40-55_01-41-17_label_B5-0-0__0.npy,B5-0-0
Taken.3.2014__#01-40-55_01-41-17_label_B5-0-0__1.npy,B5-0-0
Taken.3.2014__#01-40-55_01-41-17_label_B5-0-0__2.npy,B5-0-0
Taken.3.2014__#01-40-55_01-41-17_label_B5-0-0__3.npy,B5-0-0
Taken.3.2014__#01-40-55_01-41-17_label_B5-0-0__4.npy,B5-0-0
Taken.3.2014__#01-40-55_01-41-17_label_B5-0-0__5.npy,B5-0-0
Taken.3.2014__#01-40-55_01-41-17_label_B5-0-0__6.npy,B5-0-0
Taken.3.2014__#01-40-55_01-41-17_label_B5-0-0__7.npy,B5-0-0
Taken.3.2014__#01-40-55_01-41-17_label_B5-0-0__8.npy,B5-0-0
Taken.3.2014__#01-40-55_01-41-17_label_B5-0-0__9.npy,B5-0-0
Taken.Extended.Cut.2008__#01-03-57_01-05-04_label_B5-0-0__0.npy,B5-0-0
Taken.Extended.Cut.2008__#01-03-57_01-05-04_label_B5-0-0__1.npy,B5-0-0
Taken.Extended.Cut.2008__#01-03-57_01-05-04_label_B5-0-0__2.npy,B5-0-0
Taken.Extended.Cut.2008__#01-03-57_01-05-04_label_B5-0-0__3.npy,B5-0-0
Taken.Extended.Cut.2008__#01-03-57_01-05-04_label_B5-0-0__4.npy,B5-0-0
Taken.Extended.Cut.2008__#01-03-57_01-05-04_label_B5-0-0__5.npy,B5-0-0
Taken.Extended.Cut.2008__#01-03-57_01-05-04_label_B5-0-0__6.npy,B5-0-0
Taken.Extended.Cut.2008__#01-03-57_01-05-04_label_B5-0-0__7.npy,B5-0-0
Taken.Extended.Cut.2008__#01-03-57_01-05-04_label_B5-0-0__8.npy,B5-0-0
Taken.Extended.Cut.2008__#01-03-57_01-05-04_label_B5-0-0__9.npy,B5-0-0
Tropa.de.Elite.2.2010__#01-26-50_01-28-08_label_B5-0-0__0.npy,B5-0-0
Tropa.de.Elite.2.2010__#01-26-50_01-28-08_label_B5-0-0__1.npy,B5-0-0
Tropa.de.Elite.2.2010__#01-26-50_01-28-08_label_B5-0-0__2.npy,B5-0-0
Tropa.de.Elite.2.2010__#01-26-50_01-28-08_label_B5-0-0__3.npy,B5-0-0
Tropa.de.Elite.2.2010__#01-26-50_01-28-08_label_B5-0-0__4.npy,B5-0-0
Tropa.de.Elite.2.2010__#01-26-50_01-28-08_label_B5-0-0__5.npy,B5-0-0
Tropa.de.Elite.2.2010__#01-26-50_01-28-08_label_B5-0-0__6.npy,B5-0-0
Tropa.de.Elite.2.2010__#01-26-50_01-28-08_label_B5-0-0__7.npy,B5-0-0
Tropa.de.Elite.2.2010__#01-26-50_01-28-08_label_B5-0-0__8.npy,B5-0-0
Tropa.de.Elite.2.2010__#01-26-50_01-28-08_label_B5-0-0__9.npy,B5-0-0
Young.And.Dangerous.III.1996__#0-00-48_0-02-44_label_B5-0-0__0.npy,B5-0-0
Young.And.Dangerous.III.1996__#0-00-48_0-02-44_label_B5-0-0__1.npy,B5-0-0
Young.And.Dangerous.III.1996__#0-00-48_0-02-44_label_B5-0-0__2.npy,B5-0-0
Young.And.Dangerous.III.1996__#0-00-48_0-02-44_label_B5-0-0__3.npy,B5-0-0
Young.And.Dangerous.III.1996__#0-00-48_0-02-44_label_B5-0-0__4.npy,B5-0-0
Young.And.Dangerous.III.1996__#0-00-48_0-02-44_label_B5-0-0__5.npy,B5-0-0
Young.And.Dangerous.III.1996__#0-00-48_0-02-44_label_B5-0-0__6.npy,B5-0-0
Young.And.Dangerous.III.1996__#0-00-48_0-02-44_label_B5-0-0__7.npy,B5-0-0
Young.And.Dangerous.III.1996__#0-00-48_0-02-44_label_B5-0-0__8.npy,B5-0-0
Young.And.Dangerous.III.1996__#0-00-48_0-02-44_label_B5-0-0__9.npy,B5-0-0
Young.And.Dangerous.III.1996__#01-07-40_01-08-35_label_B5-0-0__0.npy,B5-0-0
Young.And.Dangerous.III.1996__#01-07-40_01-08-35_label_B5-0-0__1.npy,B5-0-0
Young.And.Dangerous.III.1996__#01-07-40_01-08-35_label_B5-0-0__2.npy,B5-0-0
Young.And.Dangerous.III.1996__#01-07-40_01-08-35_label_B5-0-0__3.npy,B5-0-0
Young.And.Dangerous.III.1996__#01-07-40_01-08-35_label_B5-0-0__4.npy,B5-0-0
Young.And.Dangerous.III.1996__#01-07-40_01-08-35_label_B5-0-0__5.npy,B5-0-0
Young.And.Dangerous.III.1996__#01-07-40_01-08-35_label_B5-0-0__6.npy,B5-0-0
Young.And.Dangerous.III.1996__#01-07-40_01-08-35_label_B5-0-0__7.npy,B5-0-0
Young.And.Dangerous.III.1996__#01-07-40_01-08-35_label_B5-0-0__8.npy,B5-0-0
Young.And.Dangerous.III.1996__#01-07-40_01-08-35_label_B5-0-0__9.npy,B5-0-0
wangted.2008__#0-35-20_0-36-50_label_B5-0-0__0.npy,B5-0-0
wangted.2008__#0-35-20_0-36-50_label_B5-0-0__1.npy,B5-0-0
wangted.2008__#0-35-20_0-36-50_label_B5-0-0__2.npy,B5-0-0
wangted.2008__#0-35-20_0-36-50_label_B5-0-0__3.npy,B5-0-0
wangted.2008__#0-35-20_0-36-50_label_B5-0-0__4.npy,B5-0-0
wangted.2008__#0-35-20_0-36-50_label_B5-0-0__5.npy,B5-0-0
wangted.2008__#0-35-20_0-36-50_label_B5-0-0__6.npy,B5-0-0
wangted.2008__#0-35-20_0-36-50_label_B5-0-0__7.npy,B5-0-0
wangted.2008__#0-35-20_0-36-50_label_B5-0-0__8.npy,B5-0-0
wangted.2008__#0-35-20_0-36-50_label_B5-0-0__9.npy,B5-0-0
City.of.God.2002__#00-59-55_01-02-35_label_B5-B2-0__0.npy,B5-B2-0
City.of.God.2002__#00-59-55_01-02-35_label_B5-B2-0__1.npy,B5-B2-0
City.of.God.2002__#00-59-55_01-02-35_label_B5-B2-0__2.npy,B5-B2-0
City.of.God.2002__#00-59-55_01-02-35_label_B5-B2-0__3.npy,B5-B2-0
City.of.God.2002__#00-59-55_01-02-35_label_B5-B2-0__4.npy,B5-B2-0
City.of.God.2002__#00-59-55_01-02-35_label_B5-B2-0__5.npy,B5-B2-0
City.of.God.2002__#00-59-55_01-02-35_label_B5-B2-0__6.npy,B5-B2-0
City.of.God.2002__#00-59-55_01-02-35_label_B5-B2-0__7.npy,B5-B2-0
City.of.God.2002__#00-59-55_01-02-35_label_B5-B2-0__8.npy,B5-B2-0
City.of.God.2002__#00-59-55_01-02-35_label_B5-B2-0__9.npy,B5-B2-0
Bullet.in.the.Head.1990__#00-54-31_00-56-50_label_B2-B5-G__0.npy,B2-B5-G
Bullet.in.the.Head.1990__#00-54-31_00-56-50_label_B2-B5-G__1.npy,B2-B5-G
Bullet.in.the.Head.1990__#00-54-31_00-56-50_label_B2-B5-G__2.npy,B2-B5-G
Bullet.in.the.Head.1990__#00-54-31_00-56-50_label_B2-B5-G__3.npy,B2-B5-G
Bullet.in.the.Head.1990__#00-54-31_00-56-50_label_B2-B5-G__4.npy,B2-B5-G
Bullet.in.the.Head.1990__#00-54-31_00-56-50_label_B2-B5-G__5.npy,B2-B5-G
Bullet.in.the.Head.1990__#00-54-31_00-56-50_label_B2-B5-G__6.npy,B2-B5-G
Bullet.in.the.Head.1990__#00-54-31_00-56-50_label_B2-B5-G__7.npy,B2-B5-G
Bullet.in.the.Head.1990__#00-54-31_00-56-50_label_B2-B5-G__8.npy,B2-B5-G
Bullet.in.the.Head.1990__#00-54-31_00-56-50_label_B2-B5-G__9.npy,B2-B5-G
Law.Abiding.Citizen.2009__#00-01-31_00-02-49_label_B1-B5-0__0.npy,B1-B5-0
Law.Abiding.Citizen.2009__#00-01-31_00-02-49_label_B1-B5-0__1.npy,B1-B5-0
Law.Abiding.Citizen.2009__#00-01-31_00-02-49_label_B1-B5-0__2.npy,B1-B5-0
Law.Abiding.Citizen.2009__#00-01-31_00-02-49_label_B1-B5-0__3.npy,B1-B5-0
Law.Abiding.Citizen.2009__#00-01-31_00-02-49_label_B1-B5-0__4.npy,B1-B5-0
Law.Abiding.Citizen.2009__#00-01-31_00-02-49_label_B1-B5-0__5.npy,B1-B5-0
Law.Abiding.Citizen.2009__#00-01-31_00-02-49_label_B1-B5-0__6.npy,B1-B5-0
Law.Abiding.Citizen.2009__#00-01-31_00-02-49_label_B1-B5-0__7.npy,B1-B5-0
Law.Abiding.Citizen.2009__#00-01-31_00-02-49_label_B1-B5-0__8.npy,B1-B5-0
Law.Abiding.Citizen.2009__#00-01-31_00-02-49_label_B1-B5-0__9.npy,B1-B5-0
Taken.2.UNRATED.EXTENDED.2012__#00-03-15_00-03-45_label_B2-B5-0__0.npy,B2-B5-0
Taken.2.UNRATED.EXTENDED.2012__#00-03-15_00-03-45_label_B2-B5-0__1.npy,B2-B5-0
Taken.2.UNRATED.EXTENDED.2012__#00-03-15_00-03-45_label_B2-B5-0__2.npy,B2-B5-0
Taken.2.UNRATED.EXTENDED.2012__#00-03-15_00-03-45_label_B2-B5-0__3.npy,B2-B5-0
Taken.2.UNRATED.EXTENDED.2012__#00-03-15_00-03-45_label_B2-B5-0__4.npy,B2-B5-0
Taken.2.UNRATED.EXTENDED.2012__#00-03-15_00-03-45_label_B2-B5-0__5.npy,B2-B5-0
Taken.2.UNRATED.EXTENDED.2012__#00-03-15_00-03-45_label_B2-B5-0__6.npy,B2-B5-0
Taken.2.UNRATED.EXTENDED.2012__#00-03-15_00-03-45_label_B2-B5-0__7.npy,B2-B5-0
Taken.2.UNRATED.EXTENDED.2012__#00-03-15_00-03-45_label_B2-B5-0__8.npy,B2-B5-0
Taken.2.UNRATED.EXTENDED.2012__#00-03-15_00-03-45_label_B2-B5-0__9.npy,B2-B5-0
Tropa.de.Elite.2.2010__#01-10-25_01-13-10_label_B2-B5-0__0.npy,B2-B5-0
Tropa.de.Elite.2.2010__#01-10-25_01-13-10_label_B2-B5-0__1.npy,B2-B5-0
Tropa.de.Elite.2.2010__#01-10-25_01-13-10_label_B2-B5-0__2.npy,B2-B5-0
Tropa.de.Elite.2.2010__#01-10-25_01-13-10_label_B2-B5-0__3.npy,B2-B5-0
Tropa.de.Elite.2.2010__#01-10-25_01-13-10_label_B2-B5-0__4.npy,B2-B5-0
Tropa.de.Elite.2.2010__#01-10-25_01-13-10_label_B2-B5-0__5.npy,B2-B5-0
Tropa.de.Elite.2.2010__#01-10-25_01-13-10_label_B2-B5-0__6.npy,B2-B5-0
Tropa.de.Elite.2.2010__#01-10-25_01-13-10_label_B2-B5-0__7.npy,B2-B5-0
Tropa.de.Elite.2.2010__#01-10-25_01-13-10_label_B2-B5-0__8.npy,B2-B5-0
Tropa.de.Elite.2.2010__#01-10-25_01-13-10_label_B2-B5-0__9.npy,B2-B5-0
Taken.Extended.Cut.2008__#01-16-27_01-18-26_label_B5-B1-B2__0.npy,B5-B1-B2
Taken.Extended.Cut.2008__#01-16-27_01-18-26_label_B5-B1-B2__1.npy,B5-B1-B2
Taken.Extended.Cut.2008__#01-16-27_01-18-26_label_B5-B1-B2__2.npy,B5-B1-B2
Taken.Extended.Cut.2008__#01-16-27_01-18-26_label_B5-B1-B2__3.npy,B5-B1-B2
Taken.Extended.Cut.2008__#01-16-27_01-18-26_label_B5-B1-B2__4.npy,B5-B1-B2
Taken.Extended.Cut.2008__#01-16-27_01-18-26_label_B5-B1-B2__5.npy,B5-B1-B2
Taken.Extended.Cut.2008__#01-16-27_01-18-26_label_B5-B1-B2__6.npy,B5-B1-B2
Taken.Extended.Cut.2008__#01-16-27_01-18-26_label_B5-B1-B2__7.npy,B5-B1-B2
Taken.Extended.Cut.2008__#01-16-27_01-18-26_label_B5-B1-B2__8.npy,B5-B1-B2
Taken.Extended.Cut.2008__#01-16-27_01-18-26_label_B5-B1-B2__9.npy,B5-B1-B2
v=cTPB8Q47a4s__#1_label_A__0.npy,A
v=cTPB8Q47a4s__#1_label_A__1.npy,A
v=cTPB8Q47a4s__#1_label_A__2.npy,A
v=cTPB8Q47a4s__#1_label_A__3.npy,A
v=cTPB8Q47a4s__#1_label_A__4.npy,A
v=cTPB8Q47a4s__#1_label_A__5.npy,A
v=cTPB8Q47a4s__#1_label_A__6.npy,A
v=cTPB8Q47a4s__#1_label_A__7.npy,A
v=cTPB8Q47a4s__#1_label_A__8.npy,A
v=cTPB8Q47a4s__#1_label_A__9.npy,A
v=JzrpCC7XmyE__#00-54-00_01-00-00_label_A__0.npy,A
v=JzrpCC7XmyE__#00-54-00_01-00-00_label_A__1.npy,A
v=JzrpCC7XmyE__#00-54-00_01-00-00_label_A__2.npy,A
v=JzrpCC7XmyE__#00-54-00_01-00-00_label_A__3.npy,A
v=JzrpCC7XmyE__#00-54-00_01-00-00_label_A__4.npy,A
v=JzrpCC7XmyE__#00-54-00_01-00-00_label_A__5.npy,A
v=JzrpCC7XmyE__#00-54-00_01-00-00_label_A__6.npy,A
v=JzrpCC7XmyE__#00-54-00_01-00-00_label_A__7.npy,A
v=JzrpCC7XmyE__#00-54-00_01-00-00_label_A__8.npy,A
v=JzrpCC7XmyE__#00-54-00_01-00-00_label_A__9.npy,A
v=cvSRy1NOXc8__#1_label_A__0.npy,A
v=cvSRy1NOXc8__#1_label_A__1.npy,A
v=cvSRy1NOXc8__#1_label_A__2.npy,A
v=cvSRy1NOXc8__#1_label_A__3.npy,A
v=cvSRy1NOXc8__#1_label_A__4.npy,A
v=cvSRy1NOXc8__#1_label_A__5.npy,A
v=cvSRy1NOXc8__#1_label_A__6.npy,A
v=cvSRy1NOXc8__#1_label_A__7.npy,A
v=cvSRy1NOXc8__#1_label_A__8.npy,A
v=cvSRy1NOXc8__#1_label_A__9.npy,A
Taken.3.2014__#00-06-22_00-08-26_label_A__0.npy,A
Taken.3.2014__#00-06-22_00-08-26_label_A__1.npy,A
Taken.3.2014__#00-06-22_00-08-26_label_A__2.npy,A
Taken.3.2014__#00-06-22_00-08-26_label_A__3.npy,A
Taken.3.2014__#00-06-22_00-08-26_label_A__4.npy,A
Taken.3.2014__#00-06-22_00-08-26_label_A__5.npy,A
Taken.3.2014__#00-06-22_00-08-26_label_A__6.npy,A
Taken.3.2014__#00-06-22_00-08-26_label_A__7.npy,A
Taken.3.2014__#00-06-22_00-08-26_label_A__8.npy,A
Taken.3.2014__#00-06-22_00-08-26_label_A__9.npy,A
v=O9ydbx_tkZQ__#1_label_A__0.npy,A
v=O9ydbx_tkZQ__#1_label_A__1.npy,A
v=O9ydbx_tkZQ__#1_label_A__2.npy,A
v=O9ydbx_tkZQ__#1_label_A__3.npy,A
v=O9ydbx_tkZQ__#1_label_A__4.npy,A
v=O9ydbx_tkZQ__#1_label_A__5.npy,A
v=O9ydbx_tkZQ__#1_label_A__6.npy,A
v=O9ydbx_tkZQ__#1_label_A__7.npy,A
v=O9ydbx_tkZQ__#1_label_A__8.npy,A
v=O9ydbx_tkZQ__#1_label_A__9.npy,A
v=WpxJJFcWM8s__#1_label_A__0.npy,A
v=WpxJJFcWM8s__#1_label_A__1.npy,A
v=WpxJJFcWM8s__#1_label_A__2.npy,A
v=WpxJJFcWM8s__#1_label_A__3.npy,A
v=WpxJJFcWM8s__#1_label_A__4.npy,A
v=WpxJJFcWM8s__#1_label_A__5.npy,A
v=WpxJJFcWM8s__#1_label_A__6.npy,A
v=WpxJJFcWM8s__#1_label_A__7.npy,A
v=WpxJJFcWM8s__#1_label_A__8.npy,A
v=WpxJJFcWM8s__#1_label_A__9.npy,A
v=ooe8FEX7Wmc__#1_label_A__0.npy,A
v=ooe8FEX7Wmc__#1_label_A__1.npy,A
v=ooe8FEX7Wmc__#1_label_A__2.npy,A
v=ooe8FEX7Wmc__#1_label_A__3.npy,A
v=ooe8FEX7Wmc__#1_label_A__4.npy,A
v=ooe8FEX7Wmc__#1_label_A__5.npy,A
v=ooe8FEX7Wmc__#1_label_A__6.npy,A
v=ooe8FEX7Wmc__#1_label_A__7.npy,A
v=ooe8FEX7Wmc__#1_label_A__8.npy,A
v=ooe8FEX7Wmc__#1_label_A__9.npy,A
v=vbSM_HvjP4c__#1_label_A__0.npy,A
v=vbSM_HvjP4c__#1_label_A__1.npy,A
v=vbSM_HvjP4c__#1_label_A__2.npy,A
v=vbSM_HvjP4c__#1_label_A__3.npy,A
v=vbSM_HvjP4c__#1_label_A__4.npy,A
v=vbSM_HvjP4c__#1_label_A__5.npy,A
v=vbSM_HvjP4c__#1_label_A__6.npy,A
v=vbSM_HvjP4c__#1_label_A__7.npy,A
v=vbSM_HvjP4c__#1_label_A__8.npy,A
v=vbSM_HvjP4c__#1_label_A__9.npy,A
v=4Mtad4D2I6Y__#1_label_A__0.npy,A
v=4Mtad4D2I6Y__#1_label_A__1.npy,A
v=4Mtad4D2I6Y__#1_label_A__2.npy,A
v=4Mtad4D2I6Y__#1_label_A__3.npy,A
v=4Mtad4D2I6Y__#1_label_A__4.npy,A
v=4Mtad4D2I6Y__#1_label_A__5.npy,A
v=4Mtad4D2I6Y__#1_label_A__6.npy,A
v=4Mtad4D2I6Y__#1_label_A__7.npy,A
v=4Mtad4D2I6Y__#1_label_A__8.npy,A
v=4Mtad4D2I6Y__#1_label_A__9.npy,A
v=SdYFFo_tsfk__#01-48-00_01-52-00_label_A__0.npy,A
v=SdYFFo_tsfk__#01-48-00_01-52-00_label_A__1.npy,A
v=SdYFFo_tsfk__#01-48-00_01-52-00_label_A__2.npy,A
v=SdYFFo_tsfk__#01-48-00_01-52-00_label_A__3.npy,A
v=SdYFFo_tsfk__#01-48-00_01-52-00_label_A__4.npy,A
v=SdYFFo_tsfk__#01-48-00_01-52-00_label_A__5.npy,A
v=SdYFFo_tsfk__#01-48-00_01-52-00_label_A__6.npy,A
v=SdYFFo_tsfk__#01-48-00_01-52-00_label_A__7.npy,A
v=SdYFFo_tsfk__#01-48-00_01-52-00_label_A__8.npy,A
v=SdYFFo_tsfk__#01-48-00_01-52-00_label_A__9.npy,A
v=TGhunYe0Fvk__#1_label_A__0.npy,A
v=TGhunYe0Fvk__#1_label_A__1.npy,A
v=TGhunYe0Fvk__#1_label_A__2.npy,A
v=TGhunYe0Fvk__#1_label_A__3.npy,A
v=TGhunYe0Fvk__#1_label_A__4.npy,A
v=TGhunYe0Fvk__#1_label_A__5.npy,A
v=TGhunYe0Fvk__#1_label_A__6.npy,A
v=TGhunYe0Fvk__#1_label_A__7.npy,A
v=TGhunYe0Fvk__#1_label_A__8.npy,A
v=TGhunYe0Fvk__#1_label_A__9.npy,A
The.Bourne.Ultimatum.2007__#0-44-02_0-46-11_label_A__0.npy,A
The.Bourne.Ultimatum.2007__#0-44-02_0-46-11_label_A__1.npy,A
The.Bourne.Ultimatum.2007__#0-44-02_0-46-11_label_A__2.npy,A
The.Bourne.Ultimatum.2007__#0-44-02_0-46-11_label_A__3.npy,A
The.Bourne.Ultimatum.2007__#0-44-02_0-46-11_label_A__4.npy,A
The.Bourne.Ultimatum.2007__#0-44-02_0-46-11_label_A__5.npy,A
The.Bourne.Ultimatum.2007__#0-44-02_0-46-11_label_A__6.npy,A
The.Bourne.Ultimatum.2007__#0-44-02_0-46-11_label_A__7.npy,A
The.Bourne.Ultimatum.2007__#0-44-02_0-46-11_label_A__8.npy,A
The.Bourne.Ultimatum.2007__#0-44-02_0-46-11_label_A__9.npy,A
v=FVJoir1HR9U__#1_label_A__0.npy,A
v=FVJoir1HR9U__#1_label_A__1.npy,A
v=FVJoir1HR9U__#1_label_A__2.npy,A
v=FVJoir1HR9U__#1_label_A__3.npy,A
v=FVJoir1HR9U__#1_label_A__4.npy,A
v=FVJoir1HR9U__#1_label_A__5.npy,A
v=FVJoir1HR9U__#1_label_A__6.npy,A
v=FVJoir1HR9U__#1_label_A__7.npy,A
v=FVJoir1HR9U__#1_label_A__8.npy,A
v=FVJoir1HR9U__#1_label_A__9.npy,A
v=XiykWly3WZI__#1_label_A__0.npy,A
v=XiykWly3WZI__#1_label_A__1.npy,A
v=XiykWly3WZI__#1_label_A__2.npy,A
v=XiykWly3WZI__#1_label_A__3.npy,A
v=XiykWly3WZI__#1_label_A__4.npy,A
v=XiykWly3WZI__#1_label_A__5.npy,A
v=XiykWly3WZI__#1_label_A__6.npy,A
v=XiykWly3WZI__#1_label_A__7.npy,A
v=XiykWly3WZI__#1_label_A__8.npy,A
v=XiykWly3WZI__#1_label_A__9.npy,A
v=ZjPgJS-LYPM__#1_label_A__0.npy,A
v=ZjPgJS-LYPM__#1_label_A__1.npy,A
v=ZjPgJS-LYPM__#1_label_A__2.npy,A
v=ZjPgJS-LYPM__#1_label_A__3.npy,A
v=ZjPgJS-LYPM__#1_label_A__4.npy,A
v=ZjPgJS-LYPM__#1_label_A__5.npy,A
v=ZjPgJS-LYPM__#1_label_A__6.npy,A
v=ZjPgJS-LYPM__#1_label_A__7.npy,A
v=ZjPgJS-LYPM__#1_label_A__8.npy,A
v=ZjPgJS-LYPM__#1_label_A__9.npy,A
v=AqFWYZsOgWY__#00-27-00_00-30-00_label_A__0.npy,A
v=AqFWYZsOgWY__#00-27-00_00-30-00_label_A__1.npy,A
v=AqFWYZsOgWY__#00-27-00_00-30-00_label_A__2.npy,A
v=AqFWYZsOgWY__#00-27-00_00-30-00_label_A__3.npy,A
v=AqFWYZsOgWY__#00-27-00_00-30-00_label_A__4.npy,A
v=AqFWYZsOgWY__#00-27-00_00-30-00_label_A__5.npy,A
v=AqFWYZsOgWY__#00-27-00_00-30-00_label_A__6.npy,A
v=AqFWYZsOgWY__#00-27-00_00-30-00_label_A__7.npy,A
v=AqFWYZsOgWY__#00-27-00_00-30-00_label_A__8.npy,A
v=AqFWYZsOgWY__#00-27-00_00-30-00_label_A__9.npy,A
v=x-Cgkgj5KR0__#00-06-00_00-09-00_label_A__0.npy,A
v=x-Cgkgj5KR0__#00-06-00_00-09-00_label_A__1.npy,A
v=x-Cgkgj5KR0__#00-06-00_00-09-00_label_A__2.npy,A
v=x-Cgkgj5KR0__#00-06-00_00-09-00_label_A__3.npy,A
v=x-Cgkgj5KR0__#00-06-00_00-09-00_label_A__4.npy,A
v=x-Cgkgj5KR0__#00-06-00_00-09-00_label_A__5.npy,A
v=x-Cgkgj5KR0__#00-06-00_00-09-00_label_A__6.npy,A
v=x-Cgkgj5KR0__#00-06-00_00-09-00_label_A__7.npy,A
v=x-Cgkgj5KR0__#00-06-00_00-09-00_label_A__8.npy,A
v=x-Cgkgj5KR0__#00-06-00_00-09-00_label_A__9.npy,A
v=Yr41_8QOTF8__#00-42-00_00-45-00_label_A__0.npy,A
v=Yr41_8QOTF8__#00-42-00_00-45-00_label_A__1.npy,A
v=Yr41_8QOTF8__#00-42-00_00-45-00_label_A__2.npy,A
v=Yr41_8QOTF8__#00-42-00_00-45-00_label_A__3.npy,A
v=Yr41_8QOTF8__#00-42-00_00-45-00_label_A__4.npy,A
v=Yr41_8QOTF8__#00-42-00_00-45-00_label_A__5.npy,A
v=Yr41_8QOTF8__#00-42-00_00-45-00_label_A__6.npy,A
v=Yr41_8QOTF8__#00-42-00_00-45-00_label_A__7.npy,A
v=Yr41_8QOTF8__#00-42-00_00-45-00_label_A__8.npy,A
v=Yr41_8QOTF8__#00-42-00_00-45-00_label_A__9.npy,A
Hot.Fuzz.2007__#01-53-51_01-54-45_label_A__0.npy,A
Hot.Fuzz.2007__#01-53-51_01-54-45_label_A__1.npy,A
Hot.Fuzz.2007__#01-53-51_01-54-45_label_A__2.npy,A
Hot.Fuzz.2007__#01-53-51_01-54-45_label_A__3.npy,A
Hot.Fuzz.2007__#01-53-51_01-54-45_label_A__4.npy,A
Hot.Fuzz.2007__#01-53-51_01-54-45_label_A__5.npy,A
Hot.Fuzz.2007__#01-53-51_01-54-45_label_A__6.npy,A
Hot.Fuzz.2007__#01-53-51_01-54-45_label_A__7.npy,A
Hot.Fuzz.2007__#01-53-51_01-54-45_label_A__8.npy,A
Hot.Fuzz.2007__#01-53-51_01-54-45_label_A__9.npy,A
v=PK-Tn6R8f0s__#1_label_A__0.npy,A
v=PK-Tn6R8f0s__#1_label_A__1.npy,A
v=PK-Tn6R8f0s__#1_label_A__2.npy,A
v=PK-Tn6R8f0s__#1_label_A__3.npy,A
v=PK-Tn6R8f0s__#1_label_A__4.npy,A
v=PK-Tn6R8f0s__#1_label_A__5.npy,A
v=PK-Tn6R8f0s__#1_label_A__6.npy,A
v=PK-Tn6R8f0s__#1_label_A__7.npy,A
v=PK-Tn6R8f0s__#1_label_A__8.npy,A
v=PK-Tn6R8f0s__#1_label_A__9.npy,A
Death.Proof.2007__#00-53-22_00-55-45_label_A__0.npy,A
Death.Proof.2007__#00-53-22_00-55-45_label_A__1.npy,A
Death.Proof.2007__#00-53-22_00-55-45_label_A__2.npy,A
Death.Proof.2007__#00-53-22_00-55-45_label_A__3.npy,A
Death.Proof.2007__#00-53-22_00-55-45_label_A__4.npy,A
Death.Proof.2007__#00-53-22_00-55-45_label_A__5.npy,A
Death.Proof.2007__#00-53-22_00-55-45_label_A__6.npy,A
Death.Proof.2007__#00-53-22_00-55-45_label_A__7.npy,A
Death.Proof.2007__#00-53-22_00-55-45_label_A__8.npy,A
Death.Proof.2007__#00-53-22_00-55-45_label_A__9.npy,A
v=qYscemhnf88__#1_label_A__0.npy,A
v=qYscemhnf88__#1_label_A__1.npy,A
v=qYscemhnf88__#1_label_A__2.npy,A
v=qYscemhnf88__#1_label_A__3.npy,A
v=qYscemhnf88__#1_label_A__4.npy,A
v=qYscemhnf88__#1_label_A__5.npy,A
v=qYscemhnf88__#1_label_A__6.npy,A
v=qYscemhnf88__#1_label_A__7.npy,A
v=qYscemhnf88__#1_label_A__8.npy,A
v=qYscemhnf88__#1_label_A__9.npy,A
wangted.2008__#0-01-10_0-01-59_label_A__0.npy,A
wangted.2008__#0-01-10_0-01-59_label_A__1.npy,A
wangted.2008__#0-01-10_0-01-59_label_A__2.npy,A
wangted.2008__#0-01-10_0-01-59_label_A__3.npy,A
wangted.2008__#0-01-10_0-01-59_label_A__4.npy,A
wangted.2008__#0-01-10_0-01-59_label_A__5.npy,A
wangted.2008__#0-01-10_0-01-59_label_A__6.npy,A
wangted.2008__#0-01-10_0-01-59_label_A__7.npy,A
wangted.2008__#0-01-10_0-01-59_label_A__8.npy,A
wangted.2008__#0-01-10_0-01-59_label_A__9.npy,A
v=bJmQIOpADMg__#1_label_A__0.npy,A
v=bJmQIOpADMg__#1_label_A__1.npy,A
v=bJmQIOpADMg__#1_label_A__2.npy,A
v=bJmQIOpADMg__#1_label_A__3.npy,A
v=bJmQIOpADMg__#1_label_A__4.npy,A
v=bJmQIOpADMg__#1_label_A__5.npy,A
v=bJmQIOpADMg__#1_label_A__6.npy,A
v=bJmQIOpADMg__#1_label_A__7.npy,A
v=bJmQIOpADMg__#1_label_A__8.npy,A
v=bJmQIOpADMg__#1_label_A__9.npy,A
Shoplifters.2018__#00-51-55_00-55-16_label_A__0.npy,A
Shoplifters.2018__#00-51-55_00-55-16_label_A__1.npy,A
Shoplifters.2018__#00-51-55_00-55-16_label_A__2.npy,A
Shoplifters.2018__#00-51-55_00-55-16_label_A__3.npy,A
Shoplifters.2018__#00-51-55_00-55-16_label_A__4.npy,A
Shoplifters.2018__#00-51-55_00-55-16_label_A__5.npy,A
Shoplifters.2018__#00-51-55_00-55-16_label_A__6.npy,A
Shoplifters.2018__#00-51-55_00-55-16_label_A__7.npy,A
Shoplifters.2018__#00-51-55_00-55-16_label_A__8.npy,A
Shoplifters.2018__#00-51-55_00-55-16_label_A__9.npy,A
Love.Death.and.Robots.S01E02__#00-00-59_00-01-37_label_A__0.npy,A
Love.Death.and.Robots.S01E02__#00-00-59_00-01-37_label_A__1.npy,A
Love.Death.and.Robots.S01E02__#00-00-59_00-01-37_label_A__2.npy,A
Love.Death.and.Robots.S01E02__#00-00-59_00-01-37_label_A__3.npy,A
Love.Death.and.Robots.S01E02__#00-00-59_00-01-37_label_A__4.npy,A
Love.Death.and.Robots.S01E02__#00-00-59_00-01-37_label_A__5.npy,A
Love.Death.and.Robots.S01E02__#00-00-59_00-01-37_label_A__6.npy,A
Love.Death.and.Robots.S01E02__#00-00-59_00-01-37_label_A__7.npy,A
Love.Death.and.Robots.S01E02__#00-00-59_00-01-37_label_A__8.npy,A
Love.Death.and.Robots.S01E02__#00-00-59_00-01-37_label_A__9.npy,A
v=enYITYwvPAQ__#00-03-00_00-06-00_label_A__0.npy,A
v=enYITYwvPAQ__#00-03-00_00-06-00_label_A__1.npy,A
v=enYITYwvPAQ__#00-03-00_00-06-00_label_A__2.npy,A
v=enYITYwvPAQ__#00-03-00_00-06-00_label_A__3.npy,A
v=enYITYwvPAQ__#00-03-00_00-06-00_label_A__4.npy,A
v=enYITYwvPAQ__#00-03-00_00-06-00_label_A__5.npy,A
v=enYITYwvPAQ__#00-03-00_00-06-00_label_A__6.npy,A
v=enYITYwvPAQ__#00-03-00_00-06-00_label_A__7.npy,A
v=enYITYwvPAQ__#00-03-00_00-06-00_label_A__8.npy,A
v=enYITYwvPAQ__#00-03-00_00-06-00_label_A__9.npy,A
v=4IEPcf9JWFU__#1_label_A__0.npy,A
v=4IEPcf9JWFU__#1_label_A__1.npy,A
v=4IEPcf9JWFU__#1_label_A__2.npy,A
v=4IEPcf9JWFU__#1_label_A__3.npy,A
v=4IEPcf9JWFU__#1_label_A__4.npy,A
v=4IEPcf9JWFU__#1_label_A__5.npy,A
v=4IEPcf9JWFU__#1_label_A__6.npy,A
v=4IEPcf9JWFU__#1_label_A__7.npy,A
v=4IEPcf9JWFU__#1_label_A__8.npy,A
v=4IEPcf9JWFU__#1_label_A__9.npy,A
v=hz-OfnN72OU__#1_label_A__0.npy,A
v=hz-OfnN72OU__#1_label_A__1.npy,A
v=hz-OfnN72OU__#1_label_A__2.npy,A
v=hz-OfnN72OU__#1_label_A__3.npy,A
v=hz-OfnN72OU__#1_label_A__4.npy,A
v=hz-OfnN72OU__#1_label_A__5.npy,A
v=hz-OfnN72OU__#1_label_A__6.npy,A
v=hz-OfnN72OU__#1_label_A__7.npy,A
v=hz-OfnN72OU__#1_label_A__8.npy,A
v=hz-OfnN72OU__#1_label_A__9.npy,A
Flipped.2010__#00-20-35_00-23-06_label_A__0.npy,A
Flipped.2010__#00-20-35_00-23-06_label_A__1.npy,A
Flipped.2010__#00-20-35_00-23-06_label_A__2.npy,A
Flipped.2010__#00-20-35_00-23-06_label_A__3.npy,A
Flipped.2010__#00-20-35_00-23-06_label_A__4.npy,A
Flipped.2010__#00-20-35_00-23-06_label_A__5.npy,A
Flipped.2010__#00-20-35_00-23-06_label_A__6.npy,A
Flipped.2010__#00-20-35_00-23-06_label_A__7.npy,A
Flipped.2010__#00-20-35_00-23-06_label_A__8.npy,A
Flipped.2010__#00-20-35_00-23-06_label_A__9.npy,A
Love.Actually.2003__#01-55-05_01-59-40_label_A__0.npy,A
Love.Actually.2003__#01-55-05_01-59-40_label_A__1.npy,A
Love.Actually.2003__#01-55-05_01-59-40_label_A__2.npy,A
Love.Actually.2003__#01-55-05_01-59-40_label_A__3.npy,A
Love.Actually.2003__#01-55-05_01-59-40_label_A__4.npy,A
Love.Actually.2003__#01-55-05_01-59-40_label_A__5.npy,A
Love.Actually.2003__#01-55-05_01-59-40_label_A__6.npy,A
Love.Actually.2003__#01-55-05_01-59-40_label_A__7.npy,A
Love.Actually.2003__#01-55-05_01-59-40_label_A__8.npy,A
Love.Actually.2003__#01-55-05_01-59-40_label_A__9.npy,A
Braveheart.1995__#01-00-02_01-01-00_label_A__0.npy,A
Braveheart.1995__#01-00-02_01-01-00_label_A__1.npy,A
Braveheart.1995__#01-00-02_01-01-00_label_A__2.npy,A
Braveheart.1995__#01-00-02_01-01-00_label_A__3.npy,A
Braveheart.1995__#01-00-02_01-01-00_label_A__4.npy,A
Braveheart.1995__#01-00-02_01-01-00_label_A__5.npy,A
Braveheart.1995__#01-00-02_01-01-00_label_A__6.npy,A
Braveheart.1995__#01-00-02_01-01-00_label_A__7.npy,A
Braveheart.1995__#01-00-02_01-01-00_label_A__8.npy,A
Braveheart.1995__#01-00-02_01-01-00_label_A__9.npy,A
v=hSE6yhm6hW8__#1_label_A__0.npy,A
v=hSE6yhm6hW8__#1_label_A__1.npy,A
v=hSE6yhm6hW8__#1_label_A__2.npy,A
v=hSE6yhm6hW8__#1_label_A__3.npy,A
v=hSE6yhm6hW8__#1_label_A__4.npy,A
v=hSE6yhm6hW8__#1_label_A__5.npy,A
v=hSE6yhm6hW8__#1_label_A__6.npy,A
v=hSE6yhm6hW8__#1_label_A__7.npy,A
v=hSE6yhm6hW8__#1_label_A__8.npy,A
v=hSE6yhm6hW8__#1_label_A__9.npy,A
v=VRn8Tc02TbU__#00-21-00_00-24-00_label_A__0.npy,A
v=VRn8Tc02TbU__#00-21-00_00-24-00_label_A__1.npy,A
v=VRn8Tc02TbU__#00-21-00_00-24-00_label_A__2.npy,A
v=VRn8Tc02TbU__#00-21-00_00-24-00_label_A__3.npy,A
v=VRn8Tc02TbU__#00-21-00_00-24-00_label_A__4.npy,A
v=VRn8Tc02TbU__#00-21-00_00-24-00_label_A__5.npy,A
v=VRn8Tc02TbU__#00-21-00_00-24-00_label_A__6.npy,A
v=VRn8Tc02TbU__#00-21-00_00-24-00_label_A__7.npy,A
v=VRn8Tc02TbU__#00-21-00_00-24-00_label_A__8.npy,A
v=VRn8Tc02TbU__#00-21-00_00-24-00_label_A__9.npy,A
Hear.Me.2009__#00-04-20_00-06-05_label_A__0.npy,A
Hear.Me.2009__#00-04-20_00-06-05_label_A__1.npy,A
Hear.Me.2009__#00-04-20_00-06-05_label_A__2.npy,A
Hear.Me.2009__#00-04-20_00-06-05_label_A__3.npy,A
Hear.Me.2009__#00-04-20_00-06-05_label_A__4.npy,A
Hear.Me.2009__#00-04-20_00-06-05_label_A__5.npy,A
Hear.Me.2009__#00-04-20_00-06-05_label_A__6.npy,A
Hear.Me.2009__#00-04-20_00-06-05_label_A__7.npy,A
Hear.Me.2009__#00-04-20_00-06-05_label_A__8.npy,A
Hear.Me.2009__#00-04-20_00-06-05_label_A__9.npy,A
Mindhunters.2004__#00-10-04_00-11-04_label_A__0.npy,A
Mindhunters.2004__#00-10-04_00-11-04_label_A__1.npy,A
Mindhunters.2004__#00-10-04_00-11-04_label_A__2.npy,A
Mindhunters.2004__#00-10-04_00-11-04_label_A__3.npy,A
Mindhunters.2004__#00-10-04_00-11-04_label_A__4.npy,A
Mindhunters.2004__#00-10-04_00-11-04_label_A__5.npy,A
Mindhunters.2004__#00-10-04_00-11-04_label_A__6.npy,A
Mindhunters.2004__#00-10-04_00-11-04_label_A__7.npy,A
Mindhunters.2004__#00-10-04_00-11-04_label_A__8.npy,A
Mindhunters.2004__#00-10-04_00-11-04_label_A__9.npy,A
Casino.Royale.2006__#00-06-56_00-09-35_label_A__0.npy,A
Casino.Royale.2006__#00-06-56_00-09-35_label_A__1.npy,A
Casino.Royale.2006__#00-06-56_00-09-35_label_A__2.npy,A
Casino.Royale.2006__#00-06-56_00-09-35_label_A__3.npy,A
Casino.Royale.2006__#00-06-56_00-09-35_label_A__4.npy,A
Casino.Royale.2006__#00-06-56_00-09-35_label_A__5.npy,A
Casino.Royale.2006__#00-06-56_00-09-35_label_A__6.npy,A
Casino.Royale.2006__#00-06-56_00-09-35_label_A__7.npy,A
Casino.Royale.2006__#00-06-56_00-09-35_label_A__8.npy,A
Casino.Royale.2006__#00-06-56_00-09-35_label_A__9.npy,A
v=DNTjTcW9Atc__#1_label_A__0.npy,A
v=DNTjTcW9Atc__#1_label_A__1.npy,A
v=DNTjTcW9Atc__#1_label_A__2.npy,A
v=DNTjTcW9Atc__#1_label_A__3.npy,A
v=DNTjTcW9Atc__#1_label_A__4.npy,A
v=DNTjTcW9Atc__#1_label_A__5.npy,A
v=DNTjTcW9Atc__#1_label_A__6.npy,A
v=DNTjTcW9Atc__#1_label_A__7.npy,A
v=DNTjTcW9Atc__#1_label_A__8.npy,A
v=DNTjTcW9Atc__#1_label_A__9.npy,A
Spectre.2015__#00-38-28_00-41-55_label_A__0.npy,A
Spectre.2015__#00-38-28_00-41-55_label_A__1.npy,A
Spectre.2015__#00-38-28_00-41-55_label_A__2.npy,A
Spectre.2015__#00-38-28_00-41-55_label_A__3.npy,A
Spectre.2015__#00-38-28_00-41-55_label_A__4.npy,A
Spectre.2015__#00-38-28_00-41-55_label_A__5.npy,A
Spectre.2015__#00-38-28_00-41-55_label_A__6.npy,A
Spectre.2015__#00-38-28_00-41-55_label_A__7.npy,A
Spectre.2015__#00-38-28_00-41-55_label_A__8.npy,A
Spectre.2015__#00-38-28_00-41-55_label_A__9.npy,A
v=TtwkuoaI2Iw__#1_label_A__0.npy,A
v=TtwkuoaI2Iw__#1_label_A__1.npy,A
v=TtwkuoaI2Iw__#1_label_A__2.npy,A
v=TtwkuoaI2Iw__#1_label_A__3.npy,A
v=TtwkuoaI2Iw__#1_label_A__4.npy,A
v=TtwkuoaI2Iw__#1_label_A__5.npy,A
v=TtwkuoaI2Iw__#1_label_A__6.npy,A
v=TtwkuoaI2Iw__#1_label_A__7.npy,A
v=TtwkuoaI2Iw__#1_label_A__8.npy,A
v=TtwkuoaI2Iw__#1_label_A__9.npy,A
